{"assets/bundles/research_pack.zip":["assets/bundles/research_pack.zip"],"assets/eng/notes/DR2_5_compliance_checklist.md":["assets/eng/notes/DR2_5_compliance_checklist.md"],"assets/eng/notes/DR2_decision_log.md":["assets/eng/notes/DR2_decision_log.md"],"assets/eng/notes/DR3_pricing_table.csv":["assets/eng/notes/DR3_pricing_table.csv"],"assets/eng/notes/DR3_pricing_table.md":["assets/eng/notes/DR3_pricing_table.md"],"assets/eng/notes/DR3_value_model_results.md":["assets/eng/notes/DR3_value_model_results.md"],"assets/eng/notes/DR3_value_pricing.md":["assets/eng/notes/DR3_value_pricing.md"],"assets/eng/notes/akm_selectel_ifrs_summary.md":["assets/eng/notes/akm_selectel_ifrs_summary.md"],"assets/eng/notes/azure_ai_foundry_future_agents_summary.md":["assets/eng/notes/azure_ai_foundry_future_agents_summary.md"],"assets/eng/notes/brief_strategy.md":["assets/eng/notes/brief_strategy.md"],"assets/eng/notes/current_schema.md":["assets/eng/notes/current_schema.md"],"assets/eng/notes/discovery_catalog_draft.md":["assets/eng/notes/discovery_catalog_draft.md"],"assets/eng/notes/discovery_catalog_table_referenced.md":["assets/eng/notes/discovery_catalog_table_referenced.md"],"assets/eng/notes/macro_landscape.md":["assets/eng/notes/macro_landscape.md"],"assets/eng/notes/mts_marketplace_news_summary.md":["assets/eng/notes/mts_marketplace_news_summary.md"],"assets/eng/notes/overall_plan.md":["assets/eng/notes/overall_plan.md"],"assets/eng/notes/roadmap_draft.md":["assets/eng/notes/roadmap_draft.md"],"assets/eng/notes/staffing_model_draft.md":["assets/eng/notes/staffing_model_draft.md"],"assets/eng/notes/tadviser_selectel_highlights.md":["assets/eng/notes/tadviser_selectel_highlights.md"],"assets/eng/notes/theverge_github_agent_hq_summary.md":["assets/eng/notes/theverge_github_agent_hq_summary.md"],"assets/eng/notes/wiki_data_localization_russia.md":["assets/eng/notes/wiki_data_localization_russia.md"],"assets/eng/notes/wiki_selectel_summary.md":["assets/eng/notes/wiki_selectel_summary.md"],"assets/eng/reports/DR1_architecture_validation.md":["assets/eng/reports/DR1_architecture_validation.md"],"assets/eng/reports/DR1_architecture_validation_full.md":["assets/eng/reports/DR1_architecture_validation_full.md"],"assets/eng/reports/DR2_5_market_access.md":["assets/eng/reports/DR2_5_market_access.md"],"assets/eng/reports/DR2_5_market_access_full.md":["assets/eng/reports/DR2_5_market_access_full.md"],"assets/eng/reports/DR2_solution_pathing.md":["assets/eng/reports/DR2_solution_pathing.md"],"assets/eng/reports/DR2_solution_pathing_full.md":["assets/eng/reports/DR2_solution_pathing_full.md"],"assets/eng/reports/DR3_value_pricing.md":["assets/eng/reports/DR3_value_pricing.md"],"assets/eng/reports/DR3_value_pricing_full.md":["assets/eng/reports/DR3_value_pricing_full.md"],"assets/eng/sources/dr1/20251104_anthropic_mcp.md":["assets/eng/sources/dr1/20251104_anthropic_mcp.md"],"assets/eng/sources/dr1/20251104_asiatech_shisa.md":["assets/eng/sources/dr1/20251104_asiatech_shisa.md"],"assets/eng/sources/dr1/20251104_aws_bedrock_guardrails.md":["assets/eng/sources/dr1/20251104_aws_bedrock_guardrails.md"],"assets/eng/sources/dr1/20251104_azure_foundry_mcp_infoq.md":["assets/eng/sources/dr1/20251104_azure_foundry_mcp_infoq.md"],"assets/eng/sources/dr1/20251104_cnbctv18_korea_budget_ai.md":["assets/eng/sources/dr1/20251104_cnbctv18_korea_budget_ai.md"],"assets/eng/sources/dr1/20251104_eweek_meta_ai_spending.md":["assets/eng/sources/dr1/20251104_eweek_meta_ai_spending.md"],"assets/eng/sources/dr1/20251104_forethought_case_study.md":["assets/eng/sources/dr1/20251104_forethought_case_study.md"],"assets/eng/sources/dr1/20251104_github_agent_hq_infoworld.md":["assets/eng/sources/dr1/20251104_github_agent_hq_infoworld.md"],"assets/eng/sources/dr1/20251104_openai_agentkit_techcrunch.md":["assets/eng/sources/dr1/20251104_openai_agentkit_techcrunch.md"],"assets/eng/sources/dr1/20251104_thetech_almaty.md":["assets/eng/sources/dr1/20251104_thetech_almaty.md"],"assets/eng/sources/dr2/20251105T134242Z_aws_partner_agent_factory.md":["assets/eng/sources/dr2/20251105T134242Z_aws_partner_agent_factory.md"],"assets/meta/HYPOTHETIC_NAVIGATION.md":["assets/meta/HYPOTHETIC_NAVIGATION.md"],"assets/rus/notes/DR2_5_compliance_checklist.ru.md":["assets/rus/notes/DR2_5_compliance_checklist.ru.md"],"assets/rus/notes/DR2_decision_log.ru.md":["assets/rus/notes/DR2_decision_log.ru.md"],"assets/rus/notes/DR3_pricing_table.csv":["assets/rus/notes/DR3_pricing_table.csv"],"assets/rus/notes/DR3_pricing_table.ru.md":["assets/rus/notes/DR3_pricing_table.ru.md"],"assets/rus/notes/DR3_value_model_results.ru.md":["assets/rus/notes/DR3_value_model_results.ru.md"],"assets/rus/notes/DR3_value_pricing.ru.md":["assets/rus/notes/DR3_value_pricing.ru.md"],"assets/rus/notes/akm_selectel_ifrs_summary.ru.md":["assets/rus/notes/akm_selectel_ifrs_summary.ru.md"],"assets/rus/notes/azure_ai_foundry_future_agents_summary.ru.md":["assets/rus/notes/azure_ai_foundry_future_agents_summary.ru.md"],"assets/rus/notes/brief_strategy.ru.md":["assets/rus/notes/brief_strategy.ru.md"],"assets/rus/notes/current_schema.ru.md":["assets/rus/notes/current_schema.ru.md"],"assets/rus/notes/discovery_catalog_draft.ru.md":["assets/rus/notes/discovery_catalog_draft.ru.md"],"assets/rus/notes/discovery_catalog_table_referenced.ru.md":["assets/rus/notes/discovery_catalog_table_referenced.ru.md"],"assets/rus/notes/macro_landscape.ru.md":["assets/rus/notes/macro_landscape.ru.md"],"assets/rus/notes/mts_marketplace_news_summary.ru.md":["assets/rus/notes/mts_marketplace_news_summary.ru.md"],"assets/rus/notes/overall_plan.ru.md":["assets/rus/notes/overall_plan.ru.md"],"assets/rus/notes/roadmap_draft.ru.md":["assets/rus/notes/roadmap_draft.ru.md"],"assets/rus/notes/staffing_model_draft.ru.md":["assets/rus/notes/staffing_model_draft.ru.md"],"assets/rus/notes/tadviser_selectel_highlights.ru.md":["assets/rus/notes/tadviser_selectel_highlights.ru.md"],"assets/rus/notes/theverge_github_agent_hq_summary.ru.md":["assets/rus/notes/theverge_github_agent_hq_summary.ru.md"],"assets/rus/notes/wiki_data_localization_russia.ru.md":["assets/rus/notes/wiki_data_localization_russia.ru.md"],"assets/rus/notes/wiki_selectel_summary.ru.md":["assets/rus/notes/wiki_selectel_summary.ru.md"],"assets/rus/reports/DR1_architecture_validation.ru.md":["assets/rus/reports/DR1_architecture_validation.ru.md"],"assets/rus/reports/DR1_architecture_validation_full.ru.md":["assets/rus/reports/DR1_architecture_validation_full.ru.md"],"assets/rus/reports/DR2_5_market_access.ru.md":["assets/rus/reports/DR2_5_market_access.ru.md"],"assets/rus/reports/DR2_5_market_access_full.ru.md":["assets/rus/reports/DR2_5_market_access_full.ru.md"],"assets/rus/reports/DR2_solution_pathing.ru.md":["assets/rus/reports/DR2_solution_pathing.ru.md"],"assets/rus/reports/DR2_solution_pathing_full.ru.md":["assets/rus/reports/DR2_solution_pathing_full.ru.md"],"assets/rus/reports/DR3_value_pricing.ru.md":["assets/rus/reports/DR3_value_pricing.ru.md"],"assets/rus/reports/DR3_value_pricing_full.ru.md":["assets/rus/reports/DR3_value_pricing_full.ru.md"],"assets/rus/sources/dr1/20251104_anthropic_mcp.md":["assets/rus/sources/dr1/20251104_anthropic_mcp.md"],"assets/rus/sources/dr1/20251104_asiatech_shisa.md":["assets/rus/sources/dr1/20251104_asiatech_shisa.md"],"assets/rus/sources/dr1/20251104_aws_bedrock_guardrails.md":["assets/rus/sources/dr1/20251104_aws_bedrock_guardrails.md"],"assets/rus/sources/dr1/20251104_azure_foundry_mcp_infoq.md":["assets/rus/sources/dr1/20251104_azure_foundry_mcp_infoq.md"],"assets/rus/sources/dr1/20251104_cnbctv18_korea_budget_ai.md":["assets/rus/sources/dr1/20251104_cnbctv18_korea_budget_ai.md"],"assets/rus/sources/dr1/20251104_eweek_meta_ai_spending.md":["assets/rus/sources/dr1/20251104_eweek_meta_ai_spending.md"],"assets/rus/sources/dr1/20251104_forethought_case_study.md":["assets/rus/sources/dr1/20251104_forethought_case_study.md"],"assets/rus/sources/dr1/20251104_github_agent_hq_infoworld.md":["assets/rus/sources/dr1/20251104_github_agent_hq_infoworld.md"],"assets/rus/sources/dr1/20251104_openai_agentkit_techcrunch.md":["assets/rus/sources/dr1/20251104_openai_agentkit_techcrunch.md"],"assets/rus/sources/dr1/20251104_thetech_almaty.md":["assets/rus/sources/dr1/20251104_thetech_almaty.md"],"assets/rus/sources/dr2/20251105T134242Z_aws_partner_agent_factory.md":["assets/rus/sources/dr2/20251105T134242Z_aws_partner_agent_factory.md"],"packages/flutter_deck/assets/header.png":["packages/flutter_deck/assets/header.png"],"packages/infra_pitch_deck/assets/images/portfolio/phil/phil_annotation_workspace.png":["packages/infra_pitch_deck/assets/images/portfolio/phil/phil_annotation_workspace.png"],"packages/infra_pitch_deck/assets/images/portfolio/phil/phil_llm_tagging.png":["packages/infra_pitch_deck/assets/images/portfolio/phil/phil_llm_tagging.png"],"packages/infra_pitch_deck/assets/images/portfolio/phil/phil_pipeline_overview.png":["packages/infra_pitch_deck/assets/images/portfolio/phil/phil_pipeline_overview.png"],"packages/infra_pitch_deck/assets/images/portfolio/phil/phil_search_console.png":["packages/infra_pitch_deck/assets/images/portfolio/phil/phil_search_console.png"],"packages/infra_pitch_deck/assets/images/portfolio/shveya/shveya_control_room.png":["packages/infra_pitch_deck/assets/images/portfolio/shveya/shveya_control_room.png"],"packages/infra_pitch_deck/assets/images/portfolio/shveya/shveya_inventory_dashboard.png":["packages/infra_pitch_deck/assets/images/portfolio/shveya/shveya_inventory_dashboard.png"],"packages/infra_pitch_deck/assets/images/portfolio/shveya/shveya_payroll_console.png":["packages/infra_pitch_deck/assets/images/portfolio/shveya/shveya_payroll_console.png"],"packages/infra_pitch_deck/assets/images/portfolio/shveya/shveya_shift_planner.png":["packages/infra_pitch_deck/assets/images/portfolio/shveya/shveya_shift_planner.png"],"packages/infra_pitch_deck/assets/images/portfolio/smysl/smysl_flagship.png":["packages/infra_pitch_deck/assets/images/portfolio/smysl/smysl_flagship.png"],"packages/infra_pitch_deck/assets/images/portfolio/soulwi/soulwi_ai_dialog.png":["packages/infra_pitch_deck/assets/images/portfolio/soulwi/soulwi_ai_dialog.png"],"packages/infra_pitch_deck/assets/images/portfolio/soulwi/soulwi_categories_detail.png":["packages/infra_pitch_deck/assets/images/portfolio/soulwi/soulwi_categories_detail.png"],"packages/infra_pitch_deck/assets/images/portfolio/soulwi/soulwi_categories_grid.png":["packages/infra_pitch_deck/assets/images/portfolio/soulwi/soulwi_categories_grid.png"],"packages/infra_pitch_deck/assets/images/portfolio/soulwi/soulwi_checkin_calendar.png":["packages/infra_pitch_deck/assets/images/portfolio/soulwi/soulwi_checkin_calendar.png"],"packages/infra_pitch_deck/assets/images/portfolio/soulwi/soulwi_daily_focus.png":["packages/infra_pitch_deck/assets/images/portfolio/soulwi/soulwi_daily_focus.png"],"packages/infra_pitch_deck/assets/images/portfolio/soulwi/soulwi_daily_review.png":["packages/infra_pitch_deck/assets/images/portfolio/soulwi/soulwi_daily_review.png"],"packages/infra_pitch_deck/assets/images/portfolio/soulwi/soulwi_dialog_thread.png":["packages/infra_pitch_deck/assets/images/portfolio/soulwi/soulwi_dialog_thread.png"],"packages/infra_pitch_deck/assets/images/portfolio/soulwi/soulwi_dialog_toolbox.png":["packages/infra_pitch_deck/assets/images/portfolio/soulwi/soulwi_dialog_toolbox.png"],"packages/infra_pitch_deck/assets/images/portfolio/soulwi/soulwi_main_home.png":["packages/infra_pitch_deck/assets/images/portfolio/soulwi/soulwi_main_home.png"],"packages/infra_pitch_deck/assets/images/portfolio/soulwi/soulwi_main_paywall.png":["packages/infra_pitch_deck/assets/images/portfolio/soulwi/soulwi_main_paywall.png"],"packages/infra_pitch_deck/assets/images/portfolio/soulwi/soulwi_mood_tracker.png":["packages/infra_pitch_deck/assets/images/portfolio/soulwi/soulwi_mood_tracker.png"],"packages/infra_pitch_deck/assets/images/portfolio/soulwi/soulwi_push_routines.png":["packages/infra_pitch_deck/assets/images/portfolio/soulwi/soulwi_push_routines.png"]}